worker_id,attention_check,causal_loop__the_criminal_history_of_the_defendant's_family_and_friends,causal_loop__the_defendant's_beliefs_about_criminality,causal_loop__the_defendant's_criminal_history,causal_loop__the_defendant's_current_criminal_charge,causal_loop__the_defendant's_education_and_behavior_in_school,causal_loop__the_defendant's_history_of_substance_abuse,causal_loop__the_defendant's_personality,causal_loop__the_quality_of_the_defendant's_social_life_and_free_time,causal_loop__the_safety_of_the_neighborhood_the_defendant_lives_in,causal_loop__the_stability_of_the_defendant's_employment_and_living_situation,caused_by_sensitive_feature__the_criminal_history_of_the_defendant's_family_and_friends,caused_by_sensitive_feature__the_defendant's_beliefs_about_criminality,caused_by_sensitive_feature__the_defendant's_criminal_history,caused_by_sensitive_feature__the_defendant's_current_criminal_charge,caused_by_sensitive_feature__the_defendant's_education_and_behavior_in_school,caused_by_sensitive_feature__the_defendant's_history_of_substance_abuse,caused_by_sensitive_feature__the_defendant's_personality,caused_by_sensitive_feature__the_quality_of_the_defendant's_social_life_and_free_time,caused_by_sensitive_feature__the_safety_of_the_neighborhood_the_defendant_lives_in,caused_by_sensitive_feature__the_stability_of_the_defendant's_employment_and_living_situation,causes_disparity_in_outcomes__the_criminal_history_of_the_defendant's_family_and_friends,causes_disparity_in_outcomes__the_defendant's_beliefs_about_criminality,causes_disparity_in_outcomes__the_defendant's_criminal_history,causes_disparity_in_outcomes__the_defendant's_current_criminal_charge,causes_disparity_in_outcomes__the_defendant's_education_and_behavior_in_school,causes_disparity_in_outcomes__the_defendant's_history_of_substance_abuse,causes_disparity_in_outcomes__the_defendant's_personality,causes_disparity_in_outcomes__the_quality_of_the_defendant's_social_life_and_free_time,causes_disparity_in_outcomes__the_safety_of_the_neighborhood_the_defendant_lives_in,causes_disparity_in_outcomes__the_stability_of_the_defendant's_employment_and_living_situation,causes_outcome__the_criminal_history_of_the_defendant's_family_and_friends,causes_outcome__the_defendant's_beliefs_about_criminality,causes_outcome__the_defendant's_criminal_history,causes_outcome__the_defendant's_current_criminal_charge,causes_outcome__the_defendant's_education_and_behavior_in_school,causes_outcome__the_defendant's_history_of_substance_abuse,causes_outcome__the_defendant's_personality,causes_outcome__the_quality_of_the_defendant's_social_life_and_free_time,causes_outcome__the_safety_of_the_neighborhood_the_defendant_lives_in,causes_outcome__the_stability_of_the_defendant's_employment_and_living_situation,fairness__the_criminal_history_of_the_defendant's_family_and_friends,fairness__the_defendant's_beliefs_about_criminality,fairness__the_defendant's_criminal_history,fairness__the_defendant's_current_criminal_charge,fairness__the_defendant's_education_and_behavior_in_school,fairness__the_defendant's_history_of_substance_abuse,fairness__the_defendant's_personality,fairness__the_quality_of_the_defendant's_social_life_and_free_time,fairness__the_safety_of_the_neighborhood_the_defendant_lives_in,fairness__the_stability_of_the_defendant's_employment_and_living_situation,privacy__the_criminal_history_of_the_defendant's_family_and_friends,privacy__the_defendant's_beliefs_about_criminality,privacy__the_defendant's_criminal_history,privacy__the_defendant's_current_criminal_charge,privacy__the_defendant's_education_and_behavior_in_school,privacy__the_defendant's_history_of_substance_abuse,privacy__the_defendant's_personality,privacy__the_quality_of_the_defendant's_social_life_and_free_time,privacy__the_safety_of_the_neighborhood_the_defendant_lives_in,privacy__the_stability_of_the_defendant's_employment_and_living_situation,relevance__the_criminal_history_of_the_defendant's_family_and_friends,relevance__the_defendant's_beliefs_about_criminality,relevance__the_defendant's_criminal_history,relevance__the_defendant's_current_criminal_charge,relevance__the_defendant's_education_and_behavior_in_school,relevance__the_defendant's_history_of_substance_abuse,relevance__the_defendant's_personality,relevance__the_quality_of_the_defendant's_social_life_and_free_time,relevance__the_safety_of_the_neighborhood_the_defendant_lives_in,relevance__the_stability_of_the_defendant's_employment_and_living_situation,reliability__the_criminal_history_of_the_defendant's_family_and_friends,reliability__the_defendant's_beliefs_about_criminality,reliability__the_defendant's_criminal_history,reliability__the_defendant's_current_criminal_charge,reliability__the_defendant's_education_and_behavior_in_school,reliability__the_defendant's_history_of_substance_abuse,reliability__the_defendant's_personality,reliability__the_quality_of_the_defendant's_social_life_and_free_time,reliability__the_safety_of_the_neighborhood_the_defendant_lives_in,reliability__the_stability_of_the_defendant's_employment_and_living_situation,volitionality__the_criminal_history_of_the_defendant's_family_and_friends,volitionality__the_defendant's_beliefs_about_criminality,volitionality__the_defendant's_criminal_history,volitionality__the_defendant's_current_criminal_charge,volitionality__the_defendant's_education_and_behavior_in_school,volitionality__the_defendant's_history_of_substance_abuse,volitionality__the_defendant's_personality,volitionality__the_quality_of_the_defendant's_social_life_and_free_time,volitionality__the_safety_of_the_neighborhood_the_defendant_lives_in,volitionality__the_stability_of_the_defendant's_employment_and_living_situation
0,TRUE,4,6,7,7,4,7,6,5,5,4,4,1,2,1,1,1,1,5,4,2,4,1,4,1,1,1,1,3,3,1,4,7,6,6,3,7,6,5,7,5,4,7,7,7,4,7,6,4,7,5,3,1,1,1,4,1,3,6,2,4,5,6,7,7,4,6,6,4,5,5,6,4,7,7,3,6,4,3,6,5,2,6,1,1,6,7,4,5,7,5
1,TRUE,7,6,1,1,7,1,7,7,7,2,5,1,5,3,2,5,1,6,5,7,7,1,1,1,7,5,1,1,7,6,5,5,1,1,2,7,7,1,6,5,1,1,7,7,1,7,2,1,1,5,7,4,1,1,6,1,4,7,1,3,1,1,7,7,1,7,5,1,1,5,5,1,7,7,1,7,1,1,3,6,1,5,1,5,1,1,1,5,1,5
2,TRUE,6,5,6,5,5,7,3,5,6,7,5,5,1,2,3,1,3,3,1,2,6,1,2,2,5,5,2,5,6,6,6,5,6,3,5,7,5,5,6,6,5,5,7,7,5,7,4,3,6,5,5,3,2,1,3,5,5,6,1,5,4,5,7,7,6,7,5,4,6,5,7,6,7,7,6,6,3,5,7,6,1,6,1,1,2,1,5,6,2,5
3,TRUE,6,4,2,2,5,6,3,7,6,5,2,4,3,1,4,2,3,6,6,6,5,4,4,1,5,4,4,6,6,6,6,6,7,6,2,4,7,6,6,5,4,5,7,7,4,2,6,7,3,6,2,3,1,1,1,4,1,1,1,1,5,5,7,7,4,3,7,7,5,7,6,1,7,7,6,4,3,2,5,6,1,4,1,1,2,1,4,6,6,4
4,TRUE,7,1,1,5,2,2,1,5,2,6,5,1,1,2,5,2,2,2,3,3,7,1,1,3,5,1,1,2,2,2,2,6,7,7,5,7,7,6,5,6,3,7,7,7,5,7,7,6,6,6,6,1,1,1,2,1,1,1,2,2,3,7,7,7,5,7,7,6,6,6,2,7,7,7,6,7,7,7,5,5,1,3,1,2,2,1,2,2,5,2
5,TRUE,2,2,2,2,1,4,3,2,4,2,5,2,3,1,2,2,2,5,3,5,3,2,5,2,2,2,4,2,2,2,5,5,7,5,2,5,5,3,5,3,6,2,7,7,4,6,3,4,7,5,1,4,1,1,4,2,4,5,2,2,5,2,7,6,1,5,2,2,5,4,6,2,5,5,2,5,3,2,6,2,3,4,4,5,3,1,2,2,4,5
6,TRUE,7,5,7,7,4,7,7,1,7,5,7,4,4,4,4,4,4,7,5,4,4,4,4,4,4,4,4,4,4,1,6,7,7,7,1,5,5,1,1,5,4,1,5,7,1,2,5,1,1,1,1,4,1,1,3,1,4,7,4,4,5,5,7,7,1,1,7,1,4,4,6,5,7,7,4,7,5,7,6,7,5,5,5,5,1,1,5,7,4,7
7,TRUE,6,2,6,2,6,6,6,6,6,7,1,6,1,4,5,1,5,1,7,7,7,2,6,4,5,2,4,5,7,6,1,2,4,7,2,1,7,1,1,7,1,1,6,1,2,5,5,2,1,1,1,4,1,1,2,2,4,4,1,1,1,2,7,7,1,6,3,5,1,1,6,2,6,7,5,6,2,5,6,6,1,7,7,1,1,7,7,7,1,2
8,TRUE,3,3,5,4,2,3,7,5,2,3,4,5,6,5,4,5,3,5,2,6,4,5,5,3,3,3,6,3,4,3,4,5,5,5,5,6,7,3,5,5,5,3,3,3,5,3,5,4,5,3,3,5,4,5,4,5,7,5,2,6,5,4,4,3,3,4,5,4,4,4,5,3,4,4,4,5,5,3,5,2,5,5,3,3,6,5,7,4,6,6
9,TRUE,7,5,6,5,6,6,5,5,7,7,4,7,5,5,6,6,6,5,4,4,6,6,4,5,5,6,6,4,7,5,4,5,7,7,3,7,6,2,2,5,2,5,6,5,2,4,5,1,1,1,3,3,1,3,6,4,3,5,2,5,2,4,7,5,2,4,5,1,1,2,7,4,7,7,3,5,3,2,6,5,1,4,2,3,4,4,4,6,2,4
10,TRUE,6,5,5,5,6,6,5,6,6,4,5,5,4,4,3,4,5,5,5,3,6,5,4,2,3,4,2,5,6,3,5,6,6,5,3,6,6,6,4,5,2,4,7,6,2,6,6,3,2,5,4,4,3,3,3,4,3,4,3,4,2,3,6,7,3,4,5,4,3,5,5,5,6,6,5,3,3,3,5,5,1,4,2,1,5,5,4,5,4,5
11,TRUE,7,4,5,4,7,7,4,6,7,6,6,5,5,4,5,5,4,6,7,7,6,5,5,4,7,6,3,6,6,4,1,4,2,5,1,1,6,2,2,5,1,4,5,7,1,1,3,1,1,2,6,4,2,1,7,7,4,6,5,5,1,4,5,7,1,7,3,2,1,3,3,2,3,6,5,2,2,2,2,3,1,4,1,2,1,1,1,3,1,5
12,TRUE,3,1,6,6,2,7,2,2,4,3,1,2,7,7,1,6,1,3,6,4,1,1,7,7,1,6,1,2,6,4,1,2,6,7,2,6,2,2,6,3,2,2,6,6,2,5,2,3,5,3,2,4,7,3,3,3,1,3,4,5,2,2,7,7,1,5,1,1,5,2,1,3,6,6,2,6,3,3,5,3,2,2,6,6,2,6,2,2,5,3
13,TRUE,5,3,4,4,4,5,4,3,4,5,2,2,5,3,3,3,2,3,3,4,3,3,4,3,3,4,2,2,3,5,3,6,7,6,2,6,4,3,3,5,4,5,7,4,3,6,4,3,3,4,5,4,2,2,3,2,2,4,2,5,3,6,7,6,3,7,5,3,3,6,6,2,6,6,4,5,3,4,3,5,4,5,4,4,4,5,4,5,3,5
14,TRUE,7,6,6,2,6,5,3,5,6,6,6,7,5,2,6,5,5,5,6,5,7,6,5,2,6,6,6,5,6,6,3,5,6,5,5,7,7,3,3,5,2,3,7,7,3,6,2,2,2,5,6,6,1,1,5,2,6,6,5,3,2,3,7,7,4,6,5,3,2,5,6,1,7,7,5,6,2,2,3,4,1,6,1,1,6,1,5,6,5,6
15,TRUE,6,2,5,6,5,6,2,3,6,6,7,3,6,3,7,4,2,3,7,6,7,2,4,1,6,5,2,2,7,7,2,4,5,5,1,3,1,2,3,3,1,4,7,7,2,5,1,2,1,3,3,6,2,1,6,7,5,7,3,6,1,2,6,7,1,3,1,1,2,3,5,3,5,7,2,2,1,2,5,5,1,5,2,6,1,5,1,6,1,3
16,TRUE,2,5,6,5,6,5,6,5,5,6,2,3,4,4,4,4,2,5,5,6,6,3,6,5,3,3,3,6,6,5,2,4,6,5,2,2,3,6,2,6,2,3,7,6,5,3,3,5,3,5,4,2,1,5,2,2,2,2,2,1,2,5,6,6,2,2,4,6,2,6,2,5,5,5,3,3,2,4,2,5,1,2,2,4,6,3,1,6,4,5
17,TRUE,6,5,6,7,5,7,6,6,7,7,5,5,5,5,4,5,3,5,7,5,7,5,5,5,6,5,5,6,7,7,1,5,7,6,3,6,2,5,5,5,1,2,7,6,5,5,2,1,1,1,7,4,1,2,3,2,4,7,6,7,1,2,7,6,5,5,2,1,1,1,1,2,7,6,3,5,1,1,1,1,1,7,1,1,7,5,3,5,3,3
18,TRUE,7,7,6,5,1,5,4,1,7,1,7,1,1,1,7,5,4,4,4,1,7,1,1,7,1,4,1,5,7,1,5,7,4,6,1,6,6,6,7,1,6,7,7,7,1,6,7,6,7,6,6,4,6,1,7,4,4,6,4,6,7,7,7,7,1,6,5,4,6,6,4,4,4,6,7,4,2,1,6,6,1,6,1,1,1,2,6,6,7,6
19,TRUE,6,6,7,7,5,7,6,5,7,5,5,6,7,7,5,7,5,1,3,3,5,6,7,7,1,7,6,5,7,5,5,6,7,7,1,7,5,1,5,5,2,4,7,7,1,7,1,1,7,1,7,5,1,1,7,1,5,7,1,7,2,4,7,7,1,7,4,1,7,1,5,2,7,7,6,7,3,2,7,7,1,7,1,1,1,1,7,7,5,7
20,TRUE,6,6,2,1,6,4,6,5,4,3,6,6,3,3,5,3,5,5,5,6,6,5,3,3,6,6,5,3,5,5,2,3,4,4,2,5,4,3,5,4,2,2,6,6,2,5,2,2,6,5,5,5,2,2,5,4,6,6,2,2,2,2,6,7,2,6,2,3,6,5,5,3,6,6,3,5,3,2,6,6,2,5,4,2,3,5,5,5,3,5
21,TRUE,4,6,3,1,2,5,2,6,5,5,1,1,1,2,2,1,1,2,5,3,3,2,2,1,5,3,5,6,6,6,5,7,5,6,3,2,2,3,5,3,5,6,7,7,5,7,5,6,6,6,3,1,1,1,1,1,1,2,1,1,5,5,6,7,5,6,3,5,3,7,5,2,7,7,6,2,3,1,6,5,1,4,1,1,5,1,5,5,1,2
22,TRUE,6,6,6,6,7,6,6,6,7,6,2,6,2,1,6,6,5,2,2,6,5,6,2,2,6,6,6,6,6,6,2,6,5,7,2,3,6,2,2,3,1,2,7,7,1,2,5,1,1,6,2,6,2,1,4,2,3,6,2,3,1,2,6,7,2,2,5,1,1,6,2,2,6,7,6,2,6,1,2,5,1,3,2,6,1,2,2,6,4,6
23,TRUE,5,6,6,6,3,5,5,3,6,4,4,4,5,5,3,5,4,4,5,4,5,5,5,5,3,5,4,3,4,4,5,6,6,6,4,5,4,3,5,5,5,5,6,6,3,5,5,3,5,5,3,2,2,2,3,2,3,4,3,3,6,5,6,6,4,6,6,2,6,5,5,5,6,6,4,5,4,3,5,5,4,5,3,4,5,4,5,5,3,5
24,TRUE,5,5,4,5,5,4,4,5,5,4,4,4,4,6,4,4,4,4,4,4,4,4,6,5,5,5,4,4,3,3,4,3,6,4,4,5,5,5,4,5,5,5,6,5,4,5,4,2,4,4,5,3,3,6,5,4,6,4,6,4,4,4,4,5,4,5,5,4,4,5,5,4,5,4,5,5,5,4,4,4,4,4,3,4,5,5,4,4,5,4
25,TRUE,7,7,2,1,7,4,6,6,7,7,5,3,4,2,6,3,5,4,6,5,4,3,3,2,6,3,5,4,6,5,2,2,6,6,1,5,3,2,3,4,1,1,7,7,1,4,1,1,1,1,7,7,2,1,7,4,7,7,6,6,1,1,7,7,1,5,2,2,1,1,3,1,7,7,4,4,2,2,3,3,4,4,4,3,4,4,3,4,4,4
26,TRUE,4,3,3,1,4,3,6,3,3,4,3,4,5,2,4,4,5,5,4,4,4,4,1,1,3,4,6,6,4,5,5,5,6,6,5,5,4,3,6,4,4,5,7,7,5,5,1,2,5,3,1,5,1,1,2,3,6,7,4,6,5,4,7,7,5,5,2,2,6,3,7,2,7,7,6,5,2,1,6,3,1,6,1,1,7,2,7,7,6,7
27,TRUE,6,4,2,1,2,2,5,5,6,5,1,1,1,1,1,1,1,1,1,1,4,1,1,1,1,1,1,1,1,1,5,5,7,7,5,6,4,5,2,2,2,5,7,7,6,6,3,4,2,3,6,2,1,1,1,2,5,4,1,3,5,5,7,7,5,6,4,5,5,5,2,6,7,7,6,3,3,2,6,2,5,7,6,1,1,6,5,6,5,5
28,TRUE,5,4,2,6,2,4,4,2,4,2,5,5,4,4,2,4,5,2,4,4,5,6,1,2,4,3,4,4,6,4,5,6,7,7,2,6,4,2,2,6,5,3,7,7,2,6,2,2,2,6,3,4,1,1,4,2,4,4,6,2,5,4,7,7,1,6,2,1,2,6,4,2,7,7,2,4,2,1,2,6,5,6,1,2,6,6,4,6,6,6
30,TRUE,7,2,5,5,4,5,3,5,6,5,2,5,5,5,6,5,6,7,5,2,5,1,2,5,5,5,3,2,5,2,3,5,6,5,2,6,5,5,5,3,1,1,7,7,3,7,2,2,3,2,4,7,1,1,4,1,6,6,2,2,1,2,7,7,2,5,1,1,3,2,7,1,7,7,5,6,2,3,6,6,1,1,1,1,1,1,1,1,5,1
31,TRUE,7,5,5,3,5,4,4,4,6,4,4,4,4,4,4,4,4,4,7,4,4,4,4,4,4,3,3,5,7,4,4,4,5,4,4,5,5,5,4,4,2,3,6,7,4,6,5,5,4,4,4,4,4,3,5,4,4,4,4,4,3,4,5,7,2,6,4,4,3,4,3,3,5,7,2,5,4,5,3,4,5,4,4,4,4,4,3,6,2,4
32,TRUE,3,4,5,5,1,6,6,4,5,5,4,4,6,5,3,5,2,5,4,5,3,4,6,6,4,5,3,3,4,4,4,5,6,5,4,5,5,3,3,6,2,4,5,5,3,5,4,3,3,5,6,6,6,6,3,5,2,6,6,5,3,5,5,5,5,6,5,4,5,5,3,4,6,5,6,5,3,3,5,6,3,4,5,5,4,6,2,4,5,5
33,TRUE,7,5,6,6,5,7,7,5,2,3,5,1,2,1,5,2,2,5,6,5,3,1,1,1,5,2,2,2,5,6,6,7,7,7,5,7,7,5,2,3,6,7,7,7,6,7,7,5,2,2,2,1,1,1,2,7,1,3,5,7,6,7,7,7,5,1,7,5,2,2,6,7,7,7,3,7,5,3,1,1,6,5,3,2,5,2,5,3,5,5
34,TRUE,5,3,3,5,3,2,3,3,2,3,5,5,5,4,6,5,4,5,7,5,4,4,3,3,3,3,2,2,4,4,7,7,7,7,3,7,7,4,4,7,7,6,7,7,6,7,7,5,5,7,4,3,2,1,3,3,3,3,2,3,7,7,7,7,6,7,7,5,5,7,6,5,7,7,6,6,4,4,6,6,1,5,1,2,2,1,3,6,6,6
35,TRUE,7,7,7,1,7,5,6,7,7,7,1,1,1,1,1,2,2,1,1,4,7,4,4,2,7,4,4,7,7,7,1,1,1,1,1,2,4,1,1,4,1,1,4,7,1,3,2,1,1,1,7,7,4,1,7,4,4,7,7,7,1,1,4,7,1,3,1,1,1,1,1,1,4,7,1,4,2,1,1,1,1,1,7,4,1,2,1,1,1,1
36,TRUE,5,5,5,4,5,6,5,5,4,5,4,5,6,4,4,4,5,4,4,4,4,5,4,5,5,5,5,5,5,4,4,4,6,5,2,7,4,4,5,3,1,6,6,5,2,6,2,6,6,6,6,4,2,2,6,2,3,5,1,4,1,6,6,6,1,6,6,5,5,5,4,5,5,4,4,6,4,4,4,6,1,4,6,4,3,6,4,4,4,3
37,TRUE,7,2,7,6,6,7,1,2,7,6,3,2,2,2,2,1,2,1,6,1,7,2,5,2,2,2,2,1,7,1,5,6,6,6,3,6,2,1,2,5,1,2,7,6,1,3,2,1,1,5,7,2,1,1,7,7,5,7,1,7,2,6,7,6,2,2,2,1,2,2,6,1,7,7,6,5,1,1,6,2,1,6,1,1,1,1,6,6,1,5
38,TRUE,1,1,7,7,1,5,1,1,1,1,1,1,7,7,1,4,1,1,1,1,1,1,7,7,1,5,1,1,1,1,1,4,7,7,1,5,1,1,1,1,1,1,7,7,1,5,1,1,1,1,7,7,1,4,1,7,4,7,1,7,1,1,7,7,1,5,1,1,1,1,1,1,7,7,1,5,1,1,1,1,1,1,7,7,1,7,1,1,1,1
39,TRUE,6,5,5,4,5,3,5,4,3,4,5,2,4,5,6,5,7,3,1,6,3,5,5,3,4,7,3,6,5,4,2,5,3,3,2,5,5,5,4,6,4,4,4,6,3,5,5,6,5,7,5,4,1,7,5,2,2,2,3,5,4,7,3,5,3,4,5,7,6,5,6,3,4,2,5,6,6,6,2,3,5,6,5,5,6,3,4,4,5,6
40,TRUE,6,3,3,3,7,7,7,3,3,6,6,1,7,7,7,6,7,6,6,3,5,7,2,3,6,5,6,6,7,4,4,7,7,6,7,7,7,5,6,7,7,4,3,3,5,4,6,3,7,6,2,3,5,6,3,4,3,4,3,7,7,6,6,7,3,3,3,7,7,3,7,7,7,6,6,5,4,6,7,6,5,6,5,4,4,2,6,4,5,4
41,TRUE,7,1,1,1,1,7,7,1,1,1,1,1,1,1,1,1,7,1,7,1,7,1,1,1,1,1,7,1,7,1,1,1,7,7,1,1,2,1,1,7,1,7,7,7,1,1,2,1,1,7,1,1,1,1,7,7,7,7,7,6,1,7,7,7,1,1,2,1,1,7,7,7,7,7,2,5,2,1,6,7,1,7,1,1,1,1,7,7,1,7
42,TRUE,2,6,1,2,5,2,2,6,5,3,2,5,2,2,3,2,3,6,5,3,2,5,2,2,3,2,3,6,5,3,5,4,6,5,2,7,6,3,4,6,5,3,7,6,2,6,4,2,3,5,2,3,1,2,3,2,2,6,3,2,5,2,7,6,3,6,6,2,4,6,5,5,6,6,6,6,4,5,5,5,2,5,2,2,2,2,6,6,4,4
43,TRUE,1,5,4,4,5,5,1,6,1,4,1,4,5,4,4,3,1,5,5,2,2,3,4,6,6,3,1,5,2,2,1,5,7,5,3,6,3,5,1,2,1,4,5,7,3,5,3,5,1,4,6,2,1,1,5,2,5,3,1,5,1,4,7,6,4,4,2,5,2,3,1,2,7,7,3,5,3,5,5,1,1,5,3,6,5,5,3,6,4,4
44,TRUE,1,3,1,1,2,4,3,1,1,2,2,3,1,1,1,1,1,2,5,1,1,1,1,1,1,2,1,1,2,1,6,7,6,6,3,4,7,6,6,7,6,7,7,7,3,5,7,5,6,5,2,1,1,1,3,1,2,3,1,2,6,7,7,7,3,5,7,5,7,5,7,3,7,7,6,2,3,2,7,6,3,4,2,4,3,6,4,5,4,4
45,TRUE,3,2,1,1,1,1,1,6,3,2,5,2,5,2,6,5,4,4,6,5,5,1,2,1,2,1,2,2,3,2,5,5,7,7,5,6,6,5,5,5,5,3,7,7,5,6,6,2,2,7,3,4,1,1,1,1,1,5,2,1,5,4,7,7,5,7,7,1,3,6,5,2,7,7,6,5,6,2,4,7,1,2,1,1,1,1,3,5,3,4
46,TRUE,7,6,6,5,2,7,1,1,6,5,4,5,1,1,5,5,5,7,5,5,6,6,5,1,1,6,1,1,5,5,5,7,5,5,1,7,6,7,7,6,6,7,7,7,7,7,7,7,7,7,2,1,1,1,1,1,1,1,1,1,7,7,7,7,7,7,7,7,7,7,6,5,7,7,7,7,5,6,7,7,1,5,1,1,1,4,7,7,6,7
47,TRUE,2,3,3,2,3,3,3,2,3,3,5,5,5,2,4,3,4,2,5,5,5,5,5,2,5,5,5,3,6,5,4,5,5,4,3,4,4,2,2,4,2,5,6,7,3,5,5,2,3,5,6,3,2,1,3,3,3,6,2,5,2,5,6,7,3,5,5,1,2,5,5,5,6,7,3,5,5,2,5,3,3,4,3,2,3,3,3,4,3,5
48,TRUE,5,6,3,3,3,5,6,6,5,5,5,5,2,2,2,2,3,3,5,2,6,5,3,3,5,2,5,6,5,5,3,3,5,6,2,5,3,3,4,3,2,3,5,6,2,5,3,3,3,4,6,3,2,3,5,5,6,5,4,5,2,3,6,6,2,6,2,2,3,2,3,5,6,5,5,5,2,5,5,5,5,5,3,3,3,3,5,6,3,3
49,TRUE,5,4,6,6,4,3,5,6,4,4,5,4,3,6,6,2,2,3,6,5,5,5,2,6,7,5,3,2,3,2,7,5,5,5,1,2,2,6,2,2,6,6,7,4,1,3,1,7,6,6,4,5,1,6,6,7,4,4,2,4,5,5,6,4,1,2,2,6,6,5,6,5,5,5,6,5,5,5,6,6,2,5,2,5,5,5,4,2,1,5
50,TRUE,3,6,2,2,2,5,2,2,3,5,2,2,5,3,3,2,2,2,2,5,2,3,2,2,2,3,3,2,3,3,6,3,7,6,6,6,6,4,5,6,2,5,6,6,6,2,5,3,6,7,5,3,2,2,2,2,3,5,2,2,2,5,7,6,5,6,5,3,6,6,3,3,6,6,6,6,3,3,2,6,5,5,2,5,3,5,5,6,5,5
51,TRUE,3,5,6,2,3,5,2,2,3,5,3,5,2,1,5,3,1,1,5,3,3,5,2,1,6,3,1,1,3,5,5,6,5,1,1,5,3,2,5,6,5,6,7,7,3,6,3,2,5,6,2,3,1,1,3,2,3,5,1,2,5,6,7,7,2,6,3,2,5,6,5,2,7,7,6,3,3,2,5,5,1,3,1,1,1,1,2,5,2,4
52,TRUE,2,2,2,2,2,4,2,4,2,5,2,3,2,4,4,2,2,5,2,5,5,1,2,5,2,2,6,5,2,5,2,1,2,3,1,4,2,1,2,6,2,4,4,4,3,2,5,3,4,4,6,4,6,6,6,6,6,6,6,6,3,2,4,4,3,4,4,5,3,5,4,3,2,4,3,4,4,5,4,5,7,7,7,6,4,4,7,7,7,7
53,TRUE,1,1,1,1,6,6,5,1,5,1,1,1,1,1,4,4,1,1,4,1,6,1,1,1,5,5,1,1,6,1,5,5,6,6,3,4,6,4,5,5,1,1,7,7,4,6,1,1,1,1,7,5,1,2,7,3,1,7,7,6,1,1,7,7,1,5,6,2,1,1,1,2,6,6,2,5,6,5,6,6,1,5,2,5,6,5,6,1,1,1
54,TRUE,7,5,1,6,7,2,1,7,1,2,1,3,1,3,1,1,1,2,6,2,5,6,1,2,6,2,1,1,2,1,2,7,7,7,1,7,5,5,7,5,1,7,7,7,1,7,7,3,6,6,7,2,1,1,2,2,1,5,3,6,2,7,7,7,1,7,7,5,7,7,2,7,7,7,6,7,7,3,6,6,1,2,1,1,1,1,1,2,7,6
55,TRUE,7,6,4,2,7,5,4,4,6,6,7,6,5,6,6,5,6,5,7,7,7,4,4,5,7,6,5,4,6,7,2,6,5,4,1,4,7,3,2,4,1,5,7,7,1,3,3,4,1,4,7,3,1,2,7,5,4,4,6,5,3,5,7,7,1,4,4,4,2,4,2,6,5,5,2,3,3,4,3,4,1,5,3,4,1,2,4,4,1,4
56,TRUE,6,1,7,5,3,7,5,2,7,7,5,1,2,1,5,2,7,1,6,7,5,1,1,1,2,1,4,5,4,5,1,1,4,1,1,1,1,1,1,1,1,1,6,7,1,6,1,1,1,3,2,5,1,1,5,6,7,6,4,6,1,1,6,7,1,5,1,1,1,1,3,1,7,7,2,3,1,2,3,2,1,7,2,1,1,1,6,6,2,4
57,TRUE,2,4,3,5,5,6,5,3,5,2,2,4,2,2,5,2,5,2,5,2,1,3,3,3,4,3,6,3,6,3,2,3,3,5,3,4,4,4,2,5,1,2,6,6,2,6,3,2,2,5,7,5,3,2,5,3,5,6,6,5,1,1,6,5,3,5,5,3,2,5,3,2,6,6,2,5,3,2,3,6,2,3,3,6,2,2,2,4,2,5
58,TRUE,7,3,1,1,6,2,4,7,7,3,6,1,1,3,4,1,2,7,6,2,6,1,1,2,4,1,2,7,7,2,2,7,7,7,1,7,5,2,2,6,1,6,7,7,2,7,5,1,3,7,4,2,1,1,6,1,4,6,2,2,2,4,7,7,1,7,5,2,2,7,3,3,7,7,6,6,5,2,6,6,2,7,2,4,4,7,7,6,3,7
59,TRUE,3,5,2,2,3,2,6,6,6,3,3,5,2,2,2,2,6,3,5,2,3,6,1,2,3,2,6,5,5,2,5,3,7,6,5,6,6,4,5,5,5,2,7,7,5,6,2,2,2,5,5,6,1,1,3,2,5,6,2,2,5,2,7,7,5,6,2,2,3,5,5,2,6,6,5,6,2,2,6,5,6,6,5,2,6,5,4,5,5,6
60,TRUE,6,4,6,5,4,7,4,3,4,5,3,4,4,3,4,5,4,3,4,4,4,4,6,6,4,6,4,3,5,4,5,4,7,5,2,7,6,3,5,5,5,4,7,7,3,7,4,3,4,6,3,5,1,1,3,1,3,5,4,2,5,4,7,6,4,7,4,3,4,5,6,4,7,7,7,6,5,2,7,7,3,4,7,6,4,7,4,3,4,5
61,TRUE,7,7,7,4,7,5,7,7,7,7,1,1,1,1,1,1,4,1,1,1,7,7,7,7,7,7,7,7,7,7,1,1,7,7,1,5,4,1,1,1,1,1,7,7,1,6,1,1,1,1,7,7,1,1,7,1,7,7,7,7,1,1,7,7,1,5,1,1,1,1,7,1,7,7,7,6,1,1,1,1,1,4,1,1,1,7,1,1,1,4
62,TRUE,7,2,1,1,5,1,2,2,1,1,5,1,1,2,2,3,2,1,5,5,5,1,2,2,2,2,2,2,2,1,5,5,6,7,1,7,1,7,6,6,1,6,7,6,2,7,5,5,5,7,1,1,2,1,2,1,2,2,1,1,1,7,7,7,2,7,6,6,6,5,5,5,7,7,5,6,6,5,6,5,1,2,2,2,2,7,5,6,2,5
63,TRUE,7,6,3,2,4,7,4,2,7,7,1,5,1,1,1,1,3,2,4,3,1,6,1,1,3,1,5,3,4,6,6,4,7,7,4,7,7,3,5,5,6,7,7,7,6,7,7,4,3,7,5,3,1,1,1,4,2,3,2,2,6,6,7,7,5,7,7,4,4,7,2,2,7,7,5,5,4,1,4,3,1,4,1,1,2,6,5,5,2,4
64,TRUE,5,5,2,2,6,7,5,6,5,4,1,1,1,1,2,3,1,1,1,1,1,1,2,1,1,1,1,1,1,1,3,1,2,2,2,2,1,2,4,5,1,1,7,7,2,1,1,1,2,5,4,6,1,1,5,6,1,6,1,4,1,1,7,7,2,1,2,2,2,1,7,2,6,6,6,6,2,1,2,6,2,5,2,2,6,6,3,7,5,6
65,TRUE,6,4,5,3,4,4,3,2,6,4,5,1,5,5,5,5,5,5,6,5,1,1,1,1,1,1,2,1,1,1,1,6,7,5,3,6,2,5,5,7,2,6,7,7,3,3,5,4,1,5,1,5,1,1,1,1,2,5,2,1,2,3,6,7,3,3,5,4,2,5,3,2,6,6,7,6,4,2,6,6,1,1,1,1,1,4,3,3,1,6
66,TRUE,6,5,6,5,6,6,4,4,6,5,5,6,4,4,5,4,3,4,6,5,5,6,5,4,6,4,3,4,6,5,4,5,6,7,3,5,4,2,3,6,3,3,6,7,2,5,4,1,2,6,5,5,1,1,6,4,4,7,5,4,4,4,7,7,3,5,5,2,2,6,4,2,6,7,5,4,2,2,3,4,3,6,6,5,6,5,3,5,5,5
67,TRUE,7,3,4,2,6,5,2,5,4,2,5,6,2,4,5,4,6,3,5,5,5,5,3,5,4,6,3,3,5,4,6,5,5,6,3,7,2,2,4,6,4,2,7,6,2,6,4,2,3,6,4,4,2,1,1,1,2,7,1,5,2,4,7,7,5,6,6,2,3,6,2,2,5,5,2,6,4,1,5,6,2,5,3,4,4,5,3,6,5,6
68,TRUE,7,2,2,1,7,6,2,6,5,4,4,3,2,1,5,4,2,4,5,5,4,2,2,2,2,2,2,4,4,4,4,6,5,6,2,4,6,5,5,6,1,5,7,7,2,2,6,3,2,5,7,2,1,1,7,6,2,6,3,5,1,5,7,7,3,2,6,3,3,6,2,4,6,6,3,3,6,3,5,5,2,5,1,1,5,2,6,6,5,5
69,TRUE,6,5,6,5,5,3,5,3,6,4,3,6,5,6,5,5,6,6,7,5,7,2,7,6,4,5,6,6,5,5,5,7,4,5,6,5,3,3,5,6,6,5,5,6,3,5,6,6,5,6,3,6,5,6,5,4,6,6,4,2,4,4,6,4,6,6,5,5,6,6,5,5,6,7,7,3,5,5,6,6,6,7,6,2,3,6,5,5,6,4
70,TRUE,3,2,6,1,7,4,7,6,4,5,2,1,1,2,5,1,5,6,5,2,2,1,1,2,5,1,6,6,4,2,6,7,6,1,1,7,7,5,5,7,5,5,7,7,5,6,2,2,5,7,2,4,1,1,5,2,6,7,1,2,6,6,7,7,4,7,4,4,5,7,6,4,7,7,6,6,2,1,7,6,1,7,1,1,1,1,4,4,6,6
71,TRUE,5,5,5,5,5,7,5,4,5,6,3,5,6,5,5,5,4,4,4,5,5,5,6,6,6,5,3,3,6,6,3,6,7,4,4,6,3,2,5,5,2,5,7,5,5,5,4,2,5,4,6,2,1,3,4,1,5,6,3,3,6,6,6,7,7,6,4,4,6,5,5,6,6,5,6,6,3,5,5,5,5,6,4,6,6,6,5,2,2,4
72,TRUE,3,5,5,5,6,6,3,7,6,5,7,3,6,5,6,5,6,4,6,5,3,7,6,5,4,7,5,7,5,7,6,5,5,6,7,6,7,6,7,6,6,6,6,6,7,6,7,3,5,6,6,7,3,4,5,7,4,5,6,6,4,7,5,3,6,5,6,4,2,5,5,6,7,2,7,6,7,6,3,6,7,3,6,7,5,7,5,6,6,7
73,TRUE,5,7,7,7,1,7,5,7,7,6,1,1,1,1,1,1,1,1,1,1,1,1,1,1,1,1,1,1,1,1,1,1,7,7,1,1,3,1,1,1,1,1,7,7,1,3,3,1,1,3,7,7,1,1,1,5,5,7,1,7,1,1,7,7,1,1,1,1,1,3,1,1,7,7,7,3,1,1,3,7,3,7,7,7,1,7,5,7,7,1
74,TRUE,7,6,7,6,5,6,5,5,7,5,4,5,5,4,5,5,4,5,6,4,3,6,5,5,2,2,5,5,4,4,5,6,7,7,5,6,5,4,5,5,6,5,7,7,5,6,5,4,6,5,2,6,1,1,2,3,3,5,1,3,6,5,7,7,5,6,5,5,6,5,6,3,7,6,5,5,4,2,5,3,1,6,1,1,2,4,2,4,2,2
75,TRUE,5,2,2,2,2,3,2,2,6,3,2,2,3,2,2,5,4,6,4,6,6,6,5,5,2,5,5,5,4,3,5,5,6,2,2,3,2,4,2,3,3,4,4,5,4,4,5,5,3,5,3,1,1,3,5,2,7,6,5,6,5,6,7,4,5,2,3,5,6,2,3,6,6,2,2,6,2,2,5,4,2,2,5,4,2,4,2,2,3,4
77,TRUE,7,4,3,2,7,3,4,4,5,6,7,2,3,2,7,3,3,4,6,5,5,3,4,3,7,5,4,2,6,5,4,5,6,3,2,3,3,3,5,5,2,3,7,6,1,3,2,2,7,5,5,4,2,2,6,3,4,3,2,3,3,1,6,7,2,4,3,4,6,5,3,2,6,5,4,3,4,4,4,3,2,3,5,5,2,3,3,4,6,5
78,TRUE,6,6,7,7,7,7,7,7,7,7,6,5,5,6,5,5,6,6,5,6,7,7,7,7,7,7,7,7,7,7,7,7,7,7,7,7,7,7,7,7,1,1,6,2,1,1,1,1,1,1,7,6,1,1,2,5,2,6,2,2,1,1,7,1,1,1,1,1,1,1,1,1,7,1,2,1,1,1,1,1,2,7,7,7,7,7,7,7,7,7
79,TRUE,6,6,6,6,6,6,6,6,6,6,4,4,4,4,4,6,4,4,4,4,4,4,4,4,4,5,4,4,4,4,5,6,6,6,5,5,5,6,6,6,5,5,6,6,5,6,5,6,6,6,7,2,2,4,2,4,2,2,2,2,6,6,6,6,5,5,6,6,6,6,5,6,6,6,5,6,6,6,6,6,4,4,4,5,4,3,4,4,4,4
80,TRUE,6,5,2,2,6,6,3,5,4,3,6,2,1,1,4,3,2,6,6,3,7,2,2,1,6,5,1,6,7,3,5,7,7,7,2,3,7,6,5,7,3,7,7,7,4,3,7,6,2,7,6,6,1,1,2,6,2,3,2,2,3,7,6,7,3,3,6,5,5,6,2,4,6,7,2,2,4,3,5,6,2,7,1,1,5,6,5,6,1,5
81,TRUE,5,4,2,2,3,3,3,2,4,4,4,4,4,2,2,2,2,2,2,3,2,3,2,2,2,2,2,2,2,2,4,4,5,6,4,4,5,4,1,6,4,2,5,6,5,4,3,1,1,5,4,2,3,2,2,6,4,6,6,4,6,2,6,3,5,6,5,2,2,2,3,2,5,6,6,3,4,2,2,6,6,5,6,2,2,5,5,6,2,2
82,TRUE,6,5,6,5,7,5,5,5,6,5,4,5,5,3,4,4,4,3,5,3,5,5,5,4,6,5,5,3,6,3,5,4,5,5,2,5,5,4,5,5,3,3,6,6,2,5,5,2,2,5,3,4,2,2,6,5,4,5,2,3,4,4,6,6,2,5,4,3,3,5,6,4,6,6,5,5,4,3,6,5,1,5,2,3,4,5,5,6,6,5
83,TRUE,5,6,5,7,5,6,6,6,7,6,5,5,6,6,5,7,6,5,6,6,6,7,5,7,7,7,5,7,7,5,6,7,5,5,7,5,5,5,6,5,6,5,6,5,5,5,7,7,7,7,5,6,6,5,6,6,5,6,6,6,5,6,5,6,3,6,6,6,6,6,7,6,3,6,6,5,6,5,5,5,7,6,7,5,6,5,7,6,5,7
84,TRUE,5,4,5,3,4,5,5,4,5,5,4,3,1,1,4,2,2,6,2,2,5,2,3,2,6,2,2,5,4,3,3,5,3,4,1,4,4,5,4,4,2,2,6,7,1,5,3,5,3,5,5,3,3,3,2,5,4,5,2,4,2,4,6,6,1,4,3,4,2,4,6,3,6,6,4,4,3,3,5,6,1,5,2,2,6,2,5,7,4,5
85,TRUE,6,4,5,5,4,4,6,4,4,5,5,5,6,6,5,5,4,5,4,4,5,5,5,6,4,5,4,6,4,4,3,3,5,5,3,6,6,4,5,5,5,3,6,5,5,5,5,5,6,5,4,5,6,4,4,3,5,5,6,4,5,3,6,6,3,5,6,5,5,3,4,4,6,5,4,6,5,5,4,3,5,5,5,4,3,5,5,5,3,4
86,TRUE,6,6,6,5,5,6,5,6,5,5,5,7,5,5,6,3,6,5,6,6,5,6,5,5,5,3,6,5,5,5,6,6,7,3,5,6,3,3,3,5,2,5,6,6,3,5,5,2,3,5,5,3,3,3,3,5,3,5,2,3,3,5,7,6,3,5,5,2,3,5,5,3,5,6,6,3,3,3,6,6,2,3,1,5,5,5,2,6,5,5
87,TRUE,7,7,6,7,5,7,3,7,7,7,6,6,2,5,1,2,2,6,6,5,6,5,4,2,2,5,2,6,7,5,7,7,7,7,6,7,7,7,5,7,2,7,7,7,6,4,5,6,5,6,6,2,1,1,1,6,2,5,2,2,6,7,7,7,7,6,7,6,5,6,5,4,7,6,6,3,4,5,6,6,2,7,6,2,6,2,7,7,7,5
88,TRUE,7,6,6,6,6,6,5,6,6,5,4,5,4,3,3,4,5,5,6,4,6,5,6,6,5,6,5,5,5,4,6,5,5,6,3,6,5,5,5,6,6,5,6,6,5,6,5,5,5,6,1,3,1,2,2,2,3,3,6,2,5,5,6,6,5,5,5,7,6,6,6,6,6,6,5,5,3,3,6,6,5,5,6,5,5,6,5,5,4,5
89,TRUE,5,3,5,5,4,4,2,4,4,5,4,4,4,4,3,1,1,5,3,5,4,4,5,4,3,4,4,6,4,4,4,4,5,7,1,1,3,4,2,6,2,3,5,7,2,1,2,2,3,4,2,5,1,1,6,7,6,5,5,2,3,3,6,7,1,1,3,2,2,5,6,1,7,7,4,2,2,1,1,6,1,5,1,1,1,1,4,4,1,6
90,TRUE,2,2,3,4,4,5,5,3,2,2,1,2,2,2,2,1,1,1,1,2,2,2,2,5,1,2,2,2,1,1,6,7,7,7,3,7,7,5,6,5,6,6,7,7,6,7,7,5,6,7,1,1,1,1,1,2,1,1,1,1,6,5,7,7,5,7,7,6,5,7,7,6,7,7,6,6,6,5,6,7,2,5,1,1,1,1,2,2,2,6
91,TRUE,3,2,4,2,2,1,4,1,5,2,4,4,4,2,4,4,4,1,4,4,3,4,4,2,3,1,4,2,6,4,5,4,7,7,4,4,6,4,5,7,5,5,7,7,5,7,6,1,5,6,3,4,1,1,4,1,1,1,4,2,5,5,7,7,4,7,6,1,5,6,6,4,7,7,5,6,6,4,5,6,4,7,1,1,4,1,6,6,2,4
92,TRUE,5,4,3,2,3,3,5,5,5,2,5,4,5,5,5,5,5,5,5,3,5,5,3,4,5,5,5,5,5,5,5,5,7,5,2,5,5,3,5,3,1,3,7,6,2,3,5,2,5,6,7,5,3,2,5,5,5,5,3,3,2,5,7,7,3,3,5,3,4,6,3,2,5,6,3,3,3,2,5,6,2,3,2,2,3,3,3,6,5,5
93,TRUE,5,2,1,1,5,2,3,2,6,3,5,2,1,1,3,2,3,2,5,5,5,2,1,1,2,2,2,2,6,3,5,5,2,1,1,5,6,2,5,5,2,4,7,6,3,5,6,2,2,3,2,5,1,1,3,2,2,2,1,2,3,4,7,7,2,6,6,2,1,6,5,2,7,7,2,5,2,2,3,6,2,5,7,7,1,6,5,6,1,6
94,TRUE,7,6,2,4,6,7,4,6,6,4,4,5,4,4,4,4,4,4,6,4,6,6,7,4,7,7,4,6,4,5,7,4,4,4,2,4,4,1,4,4,1,1,7,7,2,4,2,4,1,4,4,4,4,1,4,1,4,4,2,4,4,6,7,7,2,5,5,5,7,5,2,4,7,7,4,6,2,4,5,5,7,6,4,1,4,6,4,6,2,4
96,TRUE,3,5,5,6,5,6,6,3,5,5,4,3,4,6,4,3,6,3,5,4,5,5,4,5,5,5,6,4,5,4,3,5,5,5,4,5,5,3,4,3,5,5,5,5,4,6,6,4,5,4,3,3,5,3,4,3,3,6,3,3,5,6,5,5,6,6,4,5,5,5,5,5,6,5,5,3,3,5,3,6,5,5,5,5,5,5,6,5,6,5
97,TRUE,7,4,2,1,6,5,7,7,6,4,5,6,5,2,6,5,7,7,5,5,7,5,4,4,6,5,5,7,6,3,2,7,6,4,3,7,4,4,5,6,1,5,7,7,2,5,2,1,3,5,4,4,1,1,3,3,5,7,2,3,1,5,7,7,3,6,3,2,3,5,2,1,6,7,3,2,1,1,3,3,1,3,1,1,3,3,5,3,2,5
98,TRUE,2,4,1,1,1,4,4,4,3,4,1,4,1,1,6,1,1,1,2,4,3,4,1,1,6,2,1,2,2,4,4,4,2,5,1,4,4,7,2,4,1,1,7,7,1,2,4,5,2,3,6,4,1,1,3,6,4,5,2,5,2,1,7,7,1,3,3,3,2,3,6,2,7,7,4,2,2,3,3,5,1,4,1,1,1,1,3,5,3,3
99,TRUE,4,1,1,1,1,1,1,7,1,1,6,1,1,1,1,1,1,1,1,1,5,1,1,1,7,1,1,1,1,1,7,7,7,7,4,7,7,7,7,7,4,7,7,7,1,7,7,7,7,7,4,1,1,1,7,1,1,1,1,1,4,7,7,7,1,7,7,7,7,7,7,7,7,7,7,7,7,7,7,7,7,1,1,1,7,1,7,7,4,7
100,TRUE,7,3,7,3,5,6,3,2,6,6,6,5,5,2,3,3,5,3,6,5,6,5,5,2,3,3,2,3,6,5,6,5,6,3,2,6,5,5,6,5,5,5,6,7,3,3,5,4,3,3,2,5,2,1,5,6,3,6,2,6,5,5,6,7,3,5,5,2,5,3,7,3,7,7,7,3,5,2,6,6,2,6,2,1,1,1,3,6,6,5
101,TRUE,2,5,6,3,3,5,4,4,4,4,4,2,3,4,3,4,4,3,4,4,6,4,3,2,5,4,7,5,5,7,2,4,6,5,3,5,4,4,3,3,1,6,7,7,2,6,3,5,4,1,7,2,2,1,4,3,6,3,5,6,1,5,7,7,1,6,3,6,4,3,1,6,7,7,1,5,3,4,4,3,2,4,2,3,1,5,6,6,7,4
102,TRUE,6,5,6,6,5,7,5,4,5,7,6,5,5,6,5,6,5,5,5,6,5,5,6,6,5,7,5,4,5,6,3,3,6,7,5,7,7,4,3,5,1,2,7,7,6,7,6,2,1,6,1,6,1,1,4,5,5,7,2,5,1,2,7,7,5,7,6,1,1,6,7,1,7,7,6,7,4,1,7,6,5,5,5,2,5,5,5,5,5,5
103,TRUE,5,4,4,5,4,4,4,4,6,4,2,4,2,2,2,2,2,3,5,3,4,3,5,3,5,3,4,3,6,2,5,4,7,7,4,6,5,1,4,5,3,1,7,7,2,4,4,1,1,3,3,5,1,1,3,2,2,5,2,3,4,2,7,7,4,7,5,1,4,4,4,2,6,6,3,6,4,1,5,4,4,5,2,1,4,3,4,3,5,4
104,TRUE,4,2,2,2,4,4,4,4,5,4,5,6,3,4,4,5,4,4,5,5,5,5,4,4,4,5,4,5,5,4,4,5,5,7,2,5,5,4,5,6,3,6,6,7,4,5,4,2,4,7,6,4,5,1,6,6,6,6,4,4,3,6,6,7,4,5,4,2,5,7,2,3,7,7,6,4,2,1,6,6,1,2,1,1,2,2,1,4,2,2
105,TRUE,7,4,4,4,7,7,7,4,4,7,1,1,6,1,1,1,1,1,1,1,1,1,1,1,1,1,1,1,1,1,1,4,2,1,1,4,4,1,1,4,1,1,1,4,1,1,1,1,1,1,4,4,4,4,4,4,4,4,4,4,1,1,1,4,1,1,4,1,1,1,5,4,6,4,4,4,1,4,4,4,1,4,1,7,4,4,6,7,4,7
106,TRUE,7,7,7,3,7,7,7,7,7,7,5,7,6,6,7,5,7,6,7,6,7,6,6,3,7,7,7,6,7,7,2,6,6,3,1,1,6,4,4,2,1,1,6,6,1,1,5,1,1,1,7,7,1,1,7,7,3,7,7,7,1,1,6,5,1,1,6,1,1,1,1,1,5,6,1,1,2,1,1,1,1,7,6,1,6,2,6,4,6,7
107,TRUE,7,7,7,2,7,2,6,6,6,1,1,5,1,1,2,1,5,5,5,2,7,5,1,1,5,1,7,3,7,7,5,7,6,7,1,7,5,2,5,2,2,1,7,7,1,6,1,1,3,6,1,7,1,1,6,5,1,7,1,2,5,2,7,7,1,6,1,1,5,7,7,1,7,7,3,4,2,1,5,4,1,1,1,1,1,6,5,5,5,7
108,TRUE,6,4,7,7,7,7,3,2,7,7,4,6,7,4,7,4,4,4,7,7,5,4,7,7,7,7,4,5,7,6,4,5,5,6,1,7,6,4,2,5,1,1,6,7,1,7,4,1,1,4,7,6,2,1,6,6,4,7,6,5,2,1,6,7,1,7,5,2,1,3,6,1,5,7,1,4,2,2,2,2,2,6,3,2,2,5,1,6,4,5
109,TRUE,7,6,5,4,4,7,6,3,7,5,2,5,1,1,5,1,2,5,7,2,7,3,6,1,5,7,4,5,7,6,5,7,5,7,2,7,7,7,7,7,2,1,6,6,1,6,3,6,2,6,5,7,1,1,7,2,6,5,1,2,6,1,6,7,2,7,5,6,6,7,6,2,6,7,6,6,3,5,6,6,1,3,1,6,5,2,2,7,4,5
110,TRUE,7,7,4,1,5,2,4,4,6,6,1,3,1,1,4,1,2,5,4,1,7,7,1,1,4,1,5,4,6,2,4,6,7,7,3,6,6,2,5,6,1,2,7,7,2,7,6,1,6,7,7,4,1,1,7,1,2,7,2,1,1,2,7,7,1,7,7,1,6,7,7,6,7,7,5,6,1,4,6,7,1,3,1,1,1,1,5,5,2,5
111,TRUE,7,7,7,5,7,7,5,5,7,7,1,1,1,6,5,7,5,7,7,6,2,1,1,5,2,5,2,7,7,5,4,7,7,7,7,7,7,5,7,7,6,6,7,7,7,7,6,7,7,7,6,2,1,1,2,1,2,5,1,2,2,7,7,7,6,7,7,6,7,5,2,1,7,6,7,2,5,7,7,7,6,6,5,7,6,5,5,6,7,5
112,TRUE,7,3,2,2,7,6,5,7,7,6,1,5,2,2,5,3,5,4,2,3,7,7,2,2,7,5,5,6,7,5,1,2,5,4,1,3,1,1,1,2,1,2,7,7,1,2,3,1,1,5,7,4,1,1,3,2,2,6,1,2,1,2,7,7,1,3,3,2,1,4,1,1,7,7,6,5,4,2,5,6,5,1,1,2,1,1,1,4,3,6
113,TRUE,7,7,6,1,7,7,7,7,7,2,1,1,1,4,1,1,1,4,4,1,4,1,1,1,1,1,1,5,7,5,1,5,5,7,1,1,5,5,1,7,1,1,1,7,1,1,1,1,1,6,4,5,1,1,7,4,1,5,4,2,1,1,2,7,1,1,4,1,1,6,4,1,7,7,7,4,1,1,4,6,1,1,1,1,1,1,1,1,1,6
114,TRUE,5,1,1,2,5,2,6,2,5,3,5,2,1,2,5,2,5,3,5,5,6,2,1,1,6,3,3,2,4,3,5,2,6,5,3,5,5,2,3,5,2,1,7,6,3,5,1,1,1,5,3,7,1,1,5,2,7,6,2,2,3,1,7,7,2,5,3,1,1,6,5,1,7,6,2,1,1,1,2,5,3,2,2,1,5,5,5,3,2,5
115,TRUE,4,2,6,5,3,5,3,4,5,4,4,2,6,4,3,5,3,4,6,4,4,2,6,5,3,5,3,4,6,4,4,2,6,6,3,5,3,4,6,4,3,2,7,7,3,5,3,4,3,4,5,4,1,2,4,3,5,5,2,5,4,2,7,7,3,5,3,4,4,4,4,2,6,7,3,5,3,4,6,4,4,2,6,6,3,5,3,4,7,4
116,TRUE,7,1,7,4,7,7,5,5,7,6,7,3,5,5,6,4,5,5,7,4,7,2,6,4,6,4,5,5,6,7,4,4,6,6,4,6,6,4,4,4,1,1,5,6,1,6,1,1,1,1,7,6,4,3,4,2,4,7,4,5,2,3,5,7,2,5,1,3,1,1,4,3,5,2,2,5,1,1,2,5,3,5,2,4,2,4,1,6,1,5
117,TRUE,7,5,7,6,6,7,5,4,6,7,2,5,2,5,2,2,2,5,2,1,7,5,1,3,5,5,2,5,5,2,6,6,6,7,1,7,3,5,5,6,5,5,7,7,1,6,2,1,3,2,1,2,1,1,5,1,5,7,2,5,5,1,6,7,1,6,3,1,3,5,7,6,7,7,7,6,2,1,5,7,1,6,2,6,1,6,6,6,5,5
118,TRUE,5,7,5,5,5,6,5,5,5,5,5,7,1,7,5,1,1,2,5,5,5,2,2,1,5,2,1,3,6,5,7,3,7,7,3,7,7,5,6,6,6,7,7,7,3,7,7,2,2,5,2,1,1,1,2,1,1,1,3,2,6,7,7,7,2,7,7,7,2,6,5,7,7,7,2,7,7,6,2,6,5,3,7,3,5,2,7,6,2,5
119,TRUE,5,3,2,3,2,5,5,5,3,6,3,3,3,4,6,1,6,5,5,5,5,3,1,3,7,2,5,5,5,5,3,1,3,3,2,5,1,5,4,4,7,2,7,7,1,6,4,1,6,2,5,5,2,1,5,2,5,7,4,7,7,2,7,7,1,6,2,1,6,2,4,3,7,7,7,4,4,2,6,5,4,1,1,5,1,4,2,5,1,5
120,TRUE,5,5,6,4,3,4,6,3,3,5,5,5,6,5,4,3,3,6,6,5,5,6,5,5,5,5,5,3,3,5,3,5,6,3,3,6,3,2,3,5,3,3,7,5,2,5,2,3,2,5,6,5,5,5,5,5,5,3,6,6,5,6,6,6,3,5,5,5,3,6,6,5,5,5,5,5,5,5,5,5,5,3,5,3,3,5,5,5,5,6
122,TRUE,6,6,5,5,6,7,5,3,7,6,7,2,5,2,2,2,5,5,7,5,7,5,2,2,6,5,5,2,7,5,5,7,6,6,3,6,7,5,6,6,3,7,6,7,1,6,6,3,2,6,3,1,1,1,3,1,1,6,1,1,5,6,6,7,3,6,6,5,5,6,3,5,5,7,5,5,3,2,6,6,4,5,1,3,2,1,2,5,3,3
123,TRUE,5,2,4,5,2,3,3,5,3,2,7,5,3,3,5,6,3,6,6,3,6,2,2,4,3,2,2,3,5,3,5,5,7,7,3,7,7,7,6,6,7,3,7,7,5,7,7,6,7,6,5,1,1,1,2,2,5,3,2,2,7,4,7,7,6,7,7,7,7,7,7,1,7,7,7,6,2,5,7,7,1,7,1,1,2,2,6,2,1,2
124,TRUE,7,4,3,1,1,7,1,1,4,4,7,1,5,2,4,2,1,1,5,5,5,1,4,1,5,4,1,1,5,3,5,6,5,4,1,4,5,1,5,6,1,3,7,7,1,1,1,1,2,5,7,2,1,1,4,7,4,7,1,3,1,6,7,7,1,1,1,1,3,6,2,1,7,7,5,1,1,1,5,3,1,1,1,1,1,1,6,1,1,2
125,TRUE,1,1,1,1,1,1,1,1,1,1,1,1,1,1,1,1,1,1,1,1,7,1,1,1,1,1,1,4,4,1,7,7,7,7,1,7,7,7,7,7,1,4,7,7,1,7,7,1,4,7,7,4,1,1,7,1,1,7,1,1,4,4,7,7,1,7,7,1,5,7,7,4,7,7,7,6,2,1,7,7,7,7,1,7,1,4,7,7,1,7
126,TRUE,7,7,3,7,2,7,7,2,5,6,5,6,5,5,2,6,2,5,1,5,7,4,5,6,5,6,2,5,1,5,2,2,6,6,2,6,7,1,1,6,5,1,7,6,2,5,7,2,1,6,2,7,1,2,2,5,1,3,1,2,5,1,7,6,1,5,6,1,2,5,6,1,7,7,7,2,6,2,6,6,7,5,1,7,3,7,6,7,6,7
127,TRUE,4,5,4,3,4,6,5,2,5,3,2,2,4,4,5,4,1,2,5,5,6,4,5,3,6,6,4,6,5,6,1,1,2,3,1,4,2,2,1,2,1,2,6,7,1,1,1,2,3,6,7,5,2,2,7,4,2,7,6,5,1,1,6,7,1,1,1,1,2,3,2,1,7,6,2,7,6,1,5,3,1,6,1,2,1,1,2,6,4,4
128,TRUE,6,6,5,2,6,6,4,6,6,6,2,6,2,1,2,2,3,6,4,4,5,4,1,2,4,3,4,4,5,4,2,5,2,5,2,5,5,2,5,5,4,3,6,6,4,5,2,3,3,6,3,6,2,2,3,3,6,6,4,2,5,5,7,6,4,5,2,4,3,6,6,1,7,7,6,3,1,1,6,5,2,6,1,6,2,6,6,6,6,6
129,TRUE,7,2,2,1,5,5,5,6,7,7,5,5,5,5,5,5,5,5,7,6,6,7,5,4,5,5,6,5,7,6,2,7,7,4,2,6,6,6,5,5,2,7,7,7,6,6,5,3,2,6,3,1,1,1,2,2,1,5,1,2,2,7,7,7,6,7,6,2,3,7,3,6,7,7,6,6,3,3,5,7,1,2,1,2,1,1,3,3,5,5
130,TRUE,4,4,4,4,4,1,4,4,4,4,1,1,1,1,1,1,1,1,1,1,1,1,1,1,1,1,1,1,1,1,5,7,7,7,2,7,7,4,7,5,6,7,7,7,4,4,5,1,7,6,2,1,1,1,2,4,7,7,1,4,6,7,7,7,2,6,7,2,7,6,6,1,7,7,6,4,2,2,7,5,4,7,1,1,1,7,4,4,1,7
131,TRUE,6,4,6,1,6,5,4,4,6,5,2,5,1,1,6,5,5,2,5,5,5,5,1,1,6,5,6,2,5,5,1,5,4,7,1,7,7,2,5,6,2,3,7,7,2,7,6,1,4,6,2,2,1,1,1,2,1,6,2,2,4,5,7,7,2,6,6,1,5,6,4,3,7,7,7,5,3,1,6,5,1,5,1,1,1,1,5,5,6,5
132,TRUE,7,7,6,3,6,6,6,6,7,7,4,6,5,5,6,6,6,7,6,6,6,6,5,4,6,5,6,7,6,6,5,6,6,5,3,6,5,2,5,6,1,3,6,7,2,3,2,1,1,2,5,4,1,1,4,4,3,6,3,4,2,2,6,7,2,4,3,1,2,3,6,3,7,7,3,3,3,3,5,4,1,5,1,1,1,1,2,5,2,2
133,TRUE,7,7,7,3,7,7,7,7,7,7,7,7,1,1,6,1,2,6,7,1,7,7,1,1,3,1,1,5,7,7,1,4,7,7,1,7,2,1,1,6,1,1,7,7,1,7,1,1,1,2,1,1,1,1,1,7,1,1,1,1,1,1,7,7,1,7,2,1,1,2,7,6,7,7,5,7,3,1,1,7,1,1,1,1,1,1,1,1,1,1
134,TRUE,6,5,1,2,4,3,2,5,6,4,2,5,2,4,5,2,3,6,5,2,6,3,1,2,2,1,2,3,5,2,2,5,7,6,4,6,6,5,5,5,1,5,7,7,5,7,6,5,5,7,4,4,2,2,3,2,2,3,2,2,1,5,7,7,5,7,6,5,5,6,6,5,7,7,6,6,6,3,6,6,1,7,1,1,1,1,5,6,5,6
135,TRUE,2,2,2,1,2,2,3,2,4,2,2,3,1,1,2,1,4,2,4,3,2,2,1,1,1,1,4,2,5,2,5,6,4,6,2,6,4,3,2,5,5,5,7,7,2,5,3,2,2,5,4,3,2,1,4,3,3,4,2,2,5,6,7,7,1,5,3,2,2,5,5,4,7,7,5,6,1,3,6,6,1,4,1,1,1,1,4,5,6,4
136,TRUE,7,7,2,1,7,5,7,7,7,2,1,2,1,2,7,2,6,6,4,2,2,2,1,1,7,1,6,6,5,2,2,7,7,7,4,7,4,4,2,7,1,2,7,7,2,5,1,1,1,7,1,6,1,1,4,6,4,7,1,1,1,1,7,7,2,2,1,1,1,7,2,1,6,7,2,5,1,1,2,7,4,4,4,4,4,4,4,4,4,4
137,TRUE,7,3,2,6,4,5,4,4,6,5,5,4,3,2,5,4,4,2,5,4,5,1,1,4,4,2,4,2,3,2,4,6,7,3,1,5,5,4,5,5,1,6,7,5,1,5,5,1,2,3,2,2,2,1,5,5,2,6,1,7,1,6,7,5,1,5,5,1,5,3,6,5,7,3,3,2,5,2,5,5,1,4,1,4,5,1,3,6,3,6
138,TRUE,6,6,5,5,5,6,4,5,5,4,4,5,6,5,6,5,4,5,5,5,5,5,6,4,6,5,5,5,6,6,5,4,4,5,6,6,5,4,5,6,4,5,4,5,4,5,5,4,5,6,6,6,5,5,5,5,5,4,6,5,4,5,6,4,6,4,5,5,6,5,4,4,4,5,5,5,4,5,4,5,5,4,5,4,5,5,4,5,4,6
139,TRUE,5,4,5,4,4,4,4,4,3,4,4,4,4,3,4,2,2,4,4,4,4,3,4,2,4,2,4,4,2,4,4,4,4,4,3,4,4,4,4,5,2,3,5,7,2,6,2,1,4,5,4,4,2,1,4,2,4,5,2,2,2,3,4,7,2,6,2,2,4,6,3,4,4,5,4,4,4,1,4,4,2,4,2,2,3,3,2,5,2,5
140,TRUE,3,4,3,4,4,3,2,6,7,6,2,4,4,5,5,4,6,7,5,6,5,4,6,5,4,5,4,5,5,5,3,5,5,6,3,5,5,4,6,6,4,6,6,6,5,4,4,6,6,6,3,6,3,6,7,6,6,6,6,6,5,6,6,5,5,5,4,2,5,4,5,4,6,5,6,5,6,4,3,4,6,6,4,3,6,5,4,5,3,3
141,TRUE,7,6,5,5,6,5,7,7,7,6,7,5,6,6,6,6,5,6,7,6,7,5,3,4,5,5,6,7,7,5,3,6,6,6,4,3,2,2,2,6,2,3,7,7,3,2,3,2,2,5,4,6,1,1,5,6,6,6,2,5,3,2,7,7,3,3,3,2,2,5,5,6,6,7,6,5,5,2,6,6,1,3,1,2,2,2,5,4,2,6
142,TRUE,3,1,5,3,6,1,1,1,7,5,1,1,1,1,6,1,1,1,2,1,1,1,1,1,7,1,1,1,7,1,1,1,3,6,5,6,1,1,5,7,1,1,7,7,1,5,1,1,1,4,7,7,1,1,7,5,7,7,7,3,1,1,7,7,1,7,1,1,2,5,4,2,7,7,1,2,2,1,7,6,6,7,1,7,7,1,5,5,4,2
143,TRUE,7,3,1,1,5,2,1,4,6,3,7,2,2,1,5,3,1,1,6,2,7,1,2,1,6,2,1,1,5,3,2,7,7,7,5,7,7,3,3,5,2,6,7,7,5,6,5,1,2,5,7,1,1,1,3,2,3,7,7,3,2,7,7,7,5,6,6,2,2,6,1,5,7,7,6,6,5,1,3,7,3,5,1,4,1,3,6,6,5,6
144,TRUE,6,5,5,4,5,6,5,4,5,7,3,3,2,3,5,1,2,5,6,7,3,2,2,1,1,1,2,2,1,7,5,4,4,5,2,5,4,4,6,7,2,6,7,7,4,5,2,5,2,4,3,4,1,1,5,4,4,5,2,5,6,6,7,7,3,7,4,4,6,7,5,4,6,7,3,3,1,3,4,6,2,6,1,1,4,1,5,4,1,4
145,TRUE,3,6,1,1,1,1,4,2,1,1,1,1,2,2,2,1,5,1,5,5,5,1,2,2,2,1,7,1,5,3,7,7,1,2,1,6,1,2,6,7,1,2,7,7,1,6,1,1,3,7,6,5,1,1,2,1,1,7,1,1,1,1,7,7,1,7,1,1,2,7,2,1,6,7,6,1,1,1,5,6,7,7,2,1,1,7,6,7,5,5
146,TRUE,7,2,4,1,5,6,1,1,7,5,1,2,1,1,5,3,1,1,2,1,2,1,1,1,5,3,1,2,5,1,4,5,7,6,2,4,5,1,5,7,2,5,7,7,3,3,2,1,2,6,3,4,1,1,6,5,3,6,2,2,3,6,7,7,2,4,2,1,2,6,6,3,7,7,6,2,1,2,6,7,1,6,3,1,2,4,2,6,3,4
147,TRUE,6,4,6,6,6,5,4,4,4,4,4,4,4,4,5,4,1,4,4,5,4,4,5,4,5,4,1,4,5,6,2,4,6,7,3,6,4,2,3,5,1,1,6,7,2,6,1,2,1,4,7,6,1,1,3,2,5,6,1,2,1,1,6,7,2,5,1,2,2,5,6,2,7,7,5,5,2,2,5,6,1,5,1,4,1,1,4,7,4,5
148,TRUE,7,4,5,5,6,6,6,4,7,6,4,2,1,1,5,2,1,2,6,4,5,2,2,2,5,2,2,2,6,5,2,6,4,3,4,3,5,2,4,4,2,1,7,7,1,3,1,1,2,5,6,5,1,2,6,4,6,7,2,4,2,2,7,7,2,3,2,1,2,4,2,2,6,7,2,4,2,1,6,3,2,5,2,4,2,2,4,4,1,1
149,TRUE,6,5,6,2,5,5,5,3,7,5,6,5,5,3,5,5,5,5,5,5,6,5,5,2,5,6,5,5,7,5,1,5,4,7,1,1,1,5,5,5,1,4,6,7,3,5,1,5,1,6,7,2,1,1,6,7,7,6,5,5,5,6,6,7,5,5,2,5,5,6,2,2,5,7,5,5,3,5,5,6,1,5,3,2,1,1,2,5,2,5
150,TRUE,7,7,2,4,3,2,7,6,2,4,4,1,2,3,2,2,2,4,2,4,1,1,5,3,1,3,2,4,3,2,2,1,6,3,2,2,4,3,2,4,2,1,7,4,1,2,2,3,2,2,7,4,4,4,4,6,4,5,1,6,1,1,6,3,4,2,1,2,1,3,5,1,6,4,2,4,6,3,4,7,2,1,5,4,4,5,6,3,5,4
151,TRUE,6,5,5,4,5,3,2,5,6,5,6,6,5,5,6,2,5,5,6,3,6,6,4,5,6,2,3,5,6,3,5,6,6,5,5,6,5,2,3,3,2,5,6,5,3,6,6,3,3,3,4,2,2,2,5,2,2,5,2,3,2,5,6,6,3,6,6,3,3,3,3,5,6,5,3,5,6,3,3,3,5,4,3,2,3,5,3,5,3,3
152,TRUE,5,3,4,4,3,5,3,3,3,5,3,5,3,2,5,5,5,5,3,5,5,4,3,3,3,5,2,5,3,3,5,5,3,3,3,6,5,5,6,5,4,5,5,5,2,6,3,5,6,6,5,5,3,3,4,5,4,4,2,3,5,6,5,6,5,6,5,5,6,6,3,2,6,6,5,5,3,3,6,6,2,5,2,5,5,6,2,3,3,6
153,TRUE,5,5,3,2,1,4,6,5,4,4,4,6,5,5,6,4,5,6,6,6,7,6,4,2,6,3,6,5,7,6,6,5,5,3,1,4,6,5,4,5,1,1,7,7,1,5,2,1,1,5,6,7,1,1,6,5,6,6,3,5,2,1,5,7,1,1,2,1,1,5,4,1,6,6,1,2,1,1,2,2,2,1,2,7,1,2,1,6,4,6
154,TRUE,7,6,2,1,7,6,7,7,6,3,2,1,2,5,5,1,2,5,7,6,7,1,2,2,6,6,3,7,7,6,1,6,7,6,3,2,6,1,5,5,1,3,7,7,1,1,5,1,3,5,3,7,1,1,2,7,6,7,1,2,1,2,7,7,1,1,5,1,3,5,6,5,7,7,7,2,3,1,6,7,1,7,1,1,1,7,6,7,1,2
155,TRUE,7,6,7,6,7,6,7,6,7,7,6,5,5,5,5,2,5,1,7,7,7,6,7,6,7,5,6,2,6,7,4,4,6,6,2,5,3,2,4,2,2,3,7,7,1,3,1,1,2,1,2,7,6,2,7,7,7,7,2,7,3,3,6,6,2,4,4,2,3,2,6,4,7,7,6,1,3,2,6,5,4,5,4,5,5,5,7,5,5,6
156,TRUE,6,6,2,2,6,1,5,6,2,2,2,6,3,1,2,2,2,2,3,5,3,3,1,2,2,1,2,5,2,2,6,7,6,5,6,7,6,7,6,7,5,6,7,6,7,6,5,5,5,5,2,2,1,1,1,1,1,3,1,2,6,5,7,7,5,6,6,5,5,5,7,3,7,6,6,5,2,3,6,6,1,5,1,1,3,1,1,7,5,6
157,TRUE,7,5,4,4,6,5,4,1,5,6,5,5,5,5,4,6,2,2,2,7,7,6,5,5,5,5,2,4,6,6,3,5,5,6,2,6,4,2,3,7,1,1,7,7,1,1,1,1,2,3,7,5,1,1,7,6,7,5,3,5,2,2,7,7,1,5,1,3,3,3,2,3,5,6,2,4,2,5,6,3,1,2,1,1,1,1,2,5,2,3
158,TRUE,5,3,6,7,3,6,3,5,6,2,2,2,3,1,2,2,1,2,5,2,2,2,2,2,2,1,1,5,5,1,2,5,5,5,2,6,6,4,3,6,1,5,5,5,3,3,5,1,3,6,5,2,3,3,3,5,2,4,3,2,2,5,5,5,2,5,5,2,3,7,5,3,6,6,3,5,3,2,5,6,1,5,1,1,2,5,5,5,2,6
159,TRUE,5,6,6,2,1,7,1,1,3,2,3,6,1,1,2,2,1,1,3,2,2,4,2,1,2,7,1,1,2,3,4,2,7,3,1,7,1,1,5,6,3,1,7,7,1,7,1,1,4,6,5,7,1,1,7,4,7,7,3,5,5,1,7,7,1,7,1,1,5,6,7,3,7,7,7,7,2,2,6,7,2,2,1,1,1,2,1,1,2,4
160,TRUE,4,4,2,2,2,4,2,3,5,4,4,4,2,4,5,3,4,6,5,4,4,4,2,4,5,5,4,6,5,4,1,4,6,4,1,3,1,1,1,4,1,1,6,1,1,2,1,1,1,1,7,4,2,4,7,6,5,6,4,4,1,1,6,2,1,3,1,1,1,1,1,4,6,5,5,3,2,1,3,3,1,4,2,2,3,4,1,5,1,4
161,TRUE,6,4,5,6,5,6,3,2,5,7,5,5,5,4,4,3,1,3,2,5,6,5,4,4,5,5,2,3,3,6,3,3,6,5,2,3,5,2,3,3,2,3,6,5,2,3,2,1,2,2,6,6,2,2,5,5,2,7,2,5,3,3,6,5,2,5,4,1,2,2,5,4,7,6,5,2,2,2,5,3,1,5,2,2,6,2,2,6,2,6
162,TRUE,6,6,6,5,6,6,2,6,6,5,6,6,5,2,6,3,3,6,6,5,6,4,5,5,6,5,2,6,6,5,3,7,5,2,2,5,7,5,3,6,1,5,7,7,2,6,6,1,2,7,2,6,1,1,2,2,1,6,2,2,1,6,6,7,2,6,6,1,2,7,6,1,7,7,3,3,3,3,5,6,1,2,1,2,1,2,2,2,2,3
163,TRUE,2,3,5,5,1,5,1,3,3,3,2,5,2,4,4,2,5,3,2,2,2,3,2,5,2,2,3,3,3,2,3,3,5,3,2,6,6,5,2,3,3,2,6,6,1,5,4,5,2,5,6,5,1,1,3,5,5,4,1,2,3,1,6,6,1,5,4,5,3,5,5,2,6,5,2,5,3,3,6,6,2,5,2,7,2,2,2,5,2,6
164,TRUE,7,2,5,1,6,5,1,1,1,6,5,1,6,4,5,1,1,1,6,6,5,1,6,4,5,2,1,1,6,6,1,5,5,1,1,6,5,1,1,6,1,2,7,7,1,2,7,1,1,7,2,6,1,1,6,5,1,7,1,3,1,1,6,4,1,5,6,1,1,6,2,1,5,4,1,1,5,1,1,5,2,6,1,1,1,1,6,7,5,5
165,TRUE,2,5,7,7,5,7,6,6,6,6,3,5,5,5,5,5,5,5,5,5,2,5,5,3,5,5,5,5,6,6,6,7,7,7,5,7,6,6,6,6,6,3,6,7,5,6,5,5,2,3,1,2,1,1,2,2,2,3,1,2,6,5,7,7,5,7,6,5,2,6,7,2,7,7,6,5,3,3,7,6,1,6,1,2,7,1,5,7,6,6
166,TRUE,7,6,7,7,7,7,7,7,6,7,4,7,4,4,4,4,5,6,4,7,5,5,7,3,5,5,6,6,7,7,4,5,4,4,2,6,5,5,4,5,1,1,7,7,4,4,4,3,1,1,1,5,1,1,5,5,5,6,5,6,1,2,7,7,3,4,6,5,4,5,7,2,7,7,5,5,3,1,5,5,1,4,1,1,1,5,4,5,5,4
167,TRUE,2,3,1,2,3,2,3,6,2,2,6,5,3,4,6,4,6,6,6,5,5,4,3,4,5,2,5,6,6,6,6,6,6,6,6,6,6,4,6,6,5,4,6,7,6,6,5,2,6,6,4,3,2,2,2,3,4,6,2,1,6,5,6,7,5,6,5,3,6,6,2,5,6,6,6,4,3,5,6,7,2,6,6,6,6,6,6,6,2,6
168,TRUE,7,7,6,5,7,7,7,7,7,7,2,6,1,5,2,2,5,4,1,2,7,7,6,3,7,7,7,7,7,7,1,1,1,4,1,5,1,1,1,2,1,1,5,7,1,3,5,1,1,3,7,7,4,2,7,6,6,7,2,7,1,1,5,7,1,3,2,1,1,1,1,1,3,6,1,1,2,1,1,2,1,6,1,1,4,2,6,6,5,2
169,TRUE,2,6,5,6,2,6,2,2,4,2,2,4,3,4,2,4,5,3,4,4,3,5,5,4,2,6,4,2,5,2,3,5,6,6,2,5,4,2,4,2,3,5,6,5,2,5,4,2,5,3,3,2,2,2,2,2,4,7,5,3,3,6,5,6,2,6,5,2,5,2,3,5,6,6,2,6,2,2,3,6,2,5,6,6,2,4,5,2,5,2
170,TRUE,4,5,5,4,3,4,3,4,3,4,4,6,4,4,3,5,4,1,3,4,4,4,5,5,3,4,4,4,3,4,4,6,5,5,4,5,4,4,4,4,1,1,4,6,2,5,2,1,4,3,5,5,4,4,4,5,4,5,4,5,3,5,5,6,3,4,4,1,3,2,5,4,5,5,4,4,4,2,3,4,4,6,4,3,4,6,1,6,4,4
171,TRUE,1,7,1,1,1,1,3,1,1,1,1,1,1,1,1,1,1,5,1,1,1,1,1,1,1,1,1,1,1,1,3,7,4,7,1,6,4,4,2,5,1,7,7,7,1,6,6,2,2,5,6,3,1,1,3,2,1,6,1,1,3,7,7,7,3,6,7,2,2,7,7,5,7,7,6,6,4,3,5,5,1,5,1,1,4,1,1,6,1,6
172,TRUE,7,1,5,4,7,6,2,1,5,7,4,1,1,2,4,1,1,1,1,2,5,1,1,2,5,1,1,1,1,2,3,1,7,6,1,6,2,1,2,1,1,1,7,5,1,5,2,1,2,1,3,6,1,2,5,2,4,7,3,6,2,2,7,6,2,6,3,1,2,3,4,1,7,7,5,6,2,2,3,4,2,5,1,5,1,1,6,7,4,6
173,TRUE,7,5,6,1,7,7,5,5,7,6,3,7,1,1,6,1,6,6,3,7,1,3,1,1,6,1,1,2,5,7,3,6,5,4,5,7,7,5,1,5,5,6,7,7,1,7,7,6,1,1,1,1,1,1,7,1,2,3,5,3,5,7,7,7,1,7,6,5,1,1,7,3,7,7,6,6,2,1,6,6,1,7,1,1,2,1,5,7,7,7
174,TRUE,6,4,5,4,6,6,5,5,6,5,4,6,5,5,5,4,3,5,5,4,6,5,5,5,5,5,4,5,5,5,3,4,5,7,2,5,2,2,3,4,2,3,6,7,2,2,2,2,3,3,6,6,2,2,5,6,5,6,2,5,2,4,6,7,2,3,4,2,3,3,4,2,5,6,3,2,2,3,4,4,2,5,5,3,3,5,5,4,2,3
175,TRUE,4,1,1,7,7,7,4,1,4,4,4,4,1,1,7,1,1,1,4,1,7,4,1,1,7,1,4,1,4,4,4,4,7,7,1,7,1,4,4,5,2,4,7,7,1,7,3,1,4,5,7,4,1,1,1,1,2,1,3,1,1,1,7,7,1,7,1,2,4,5,2,1,7,4,5,1,1,4,4,4,1,1,1,1,1,6,1,1,4,1
176,TRUE,7,6,6,5,6,6,6,7,7,6,7,6,6,5,6,6,6,7,7,6,7,7,6,5,6,6,6,7,7,6,4,5,6,6,2,6,6,1,5,6,1,2,6,5,2,5,2,1,1,5,7,7,1,1,6,7,5,7,2,5,1,2,6,6,2,6,5,1,2,5,5,5,7,7,6,5,6,2,6,6,4,6,4,4,2,2,2,7,4,4
177,TRUE,7,7,1,1,7,4,6,7,1,7,1,2,1,3,2,1,2,1,4,1,7,7,1,1,5,1,1,7,7,7,1,4,7,7,1,5,3,1,1,1,1,1,7,7,1,5,3,1,1,1,3,6,1,1,2,4,5,3,1,4,1,1,7,7,1,2,3,1,1,1,1,1,7,7,6,1,3,3,5,1,1,4,4,4,4,1,1,1,1,1
178,TRUE,1,5,1,1,3,3,3,4,5,5,1,1,1,1,1,1,1,1,1,1,1,1,1,1,1,1,2,1,1,1,2,5,7,7,2,5,7,1,3,5,1,2,7,7,1,3,5,1,1,5,1,4,1,1,1,1,1,7,1,1,1,2,7,7,1,2,6,1,1,6,5,1,7,7,5,1,5,1,6,6,1,1,1,5,1,1,2,1,1,5
179,TRUE,7,2,3,4,6,6,6,2,7,5,3,3,1,2,2,1,5,3,6,3,4,2,1,1,5,1,3,3,6,3,6,3,6,5,1,7,6,3,5,5,6,4,7,6,3,5,5,2,7,6,5,3,1,2,1,2,4,4,3,6,5,4,7,6,3,7,4,3,5,4,6,4,7,5,7,6,3,4,5,5,1,2,1,1,1,7,5,2,5,5
180,TRUE,1,5,1,1,1,1,1,3,1,1,3,3,1,1,3,1,1,3,2,2,1,3,1,1,1,1,1,3,3,1,5,5,6,6,5,7,7,7,3,7,5,5,7,7,5,7,7,5,2,6,1,5,1,1,3,1,1,7,1,2,5,3,7,7,5,7,7,6,1,7,7,2,7,7,7,7,6,6,6,7,1,3,1,1,1,1,1,3,1,1
181,TRUE,2,2,2,5,2,4,5,2,3,2,5,2,2,3,2,3,2,1,2,2,2,4,2,5,2,2,5,3,3,2,3,5,2,6,2,5,5,2,5,2,2,3,2,5,2,4,5,6,3,2,3,2,2,4,6,7,5,6,6,2,2,2,2,5,2,5,5,4,2,2,3,5,2,6,4,5,6,6,6,2,4,2,2,6,2,5,5,5,5,2
182,TRUE,7,4,4,4,4,7,4,4,4,7,4,4,4,4,1,4,4,4,4,4,4,4,4,1,1,4,4,4,4,4,4,4,4,4,4,4,4,4,4,4,1,1,1,7,1,1,1,1,1,1,1,4,1,1,1,1,7,1,1,4,4,4,4,4,4,7,4,1,7,4,4,4,7,4,4,4,4,1,4,4,7,7,1,1,7,7,7,7,1,7
183,TRUE,7,7,5,5,5,6,5,5,6,7,7,6,5,7,5,4,5,6,5,6,7,6,5,4,2,6,4,6,7,5,2,5,4,2,6,4,5,3,3,2,1,3,7,6,1,5,4,2,1,4,6,4,1,2,7,3,5,7,4,7,1,1,6,6,1,5,3,1,4,1,2,2,7,6,3,6,3,2,2,5,1,7,3,3,5,6,3,5,3,3
184,TRUE,4,4,4,4,4,4,4,4,4,4,4,4,1,1,4,4,4,4,4,5,4,4,4,4,4,4,4,4,4,4,4,4,4,4,4,4,4,4,4,4,1,1,7,7,1,7,1,1,1,1,4,4,1,1,4,4,4,4,2,2,2,1,7,7,1,1,2,1,1,2,1,1,6,7,1,1,2,1,5,6,4,4,1,1,4,4,1,4,4,1
185,TRUE,5,1,6,5,4,4,5,1,6,7,4,4,4,4,4,4,4,4,4,4,4,4,4,4,4,4,4,4,4,4,4,1,6,5,1,4,5,1,3,2,1,1,7,7,1,1,2,1,1,1,7,7,2,2,7,7,4,7,4,7,1,1,7,7,1,1,4,1,2,2,1,1,6,6,4,1,1,1,1,4,5,4,4,4,1,3,4,4,2,4
186,TRUE,7,6,7,7,7,7,7,4,7,7,7,7,4,7,7,7,7,4,7,7,7,6,7,7,6,7,7,4,6,7,7,6,7,7,6,7,7,4,7,6,7,6,7,7,6,7,7,5,5,6,1,4,1,1,1,4,3,5,3,4,7,7,7,7,7,7,7,4,5,7,7,7,7,7,5,7,7,4,6,7,7,6,7,7,7,7,7,4,7,7
187,TRUE,1,2,1,5,2,1,4,6,6,1,6,7,7,6,5,7,1,3,4,7,2,4,6,4,2,1,2,4,5,2,4,4,7,7,3,7,7,5,2,7,3,3,7,7,3,7,5,6,5,7,1,1,1,2,1,4,1,2,1,1,2,5,7,7,5,7,5,2,1,7,6,4,7,4,7,2,3,2,6,7,2,1,1,5,1,1,1,5,6,5
188,TRUE,5,6,2,2,5,6,2,5,2,5,5,6,3,2,5,5,5,3,2,5,6,6,5,2,5,5,5,3,2,5,5,6,6,7,2,7,3,3,2,5,3,5,7,7,1,7,2,2,7,5,2,3,2,2,6,3,5,6,2,3,3,5,7,7,1,6,2,2,7,5,6,5,6,6,5,5,3,3,6,5,1,6,1,1,4,7,5,7,6,6
189,TRUE,5,5,5,5,5,5,5,5,5,5,5,5,5,5,5,5,5,5,5,5,5,5,5,5,5,5,4,5,5,5,4,4,7,7,3,7,5,3,3,4,3,5,5,5,3,5,5,3,3,5,5,4,3,3,5,3,4,6,5,4,3,5,7,7,4,7,5,3,4,5,5,5,6,6,5,6,5,3,4,5,4,5,4,5,5,5,5,5,5,5
190,TRUE,2,5,7,5,5,7,5,3,5,6,1,1,1,2,2,1,1,1,1,2,1,1,1,1,2,1,1,1,1,1,2,6,5,3,2,5,6,2,5,6,1,3,7,7,2,5,2,1,1,5,5,5,1,1,5,3,3,2,2,2,1,5,7,7,3,5,5,2,1,5,4,2,7,7,4,6,2,2,6,6,3,4,1,2,2,1,3,6,6,5
191,TRUE,7,7,2,2,7,5,2,6,7,7,5,2,4,2,5,1,5,5,7,6,5,2,5,1,6,3,1,5,7,1,1,5,5,5,1,6,7,1,1,3,1,1,7,7,2,5,6,1,1,1,7,7,1,1,7,4,2,7,7,7,1,1,6,7,1,5,6,1,1,1,7,1,7,7,3,5,5,2,3,3,1,6,1,2,6,5,5,5,3,5
192,TRUE,7,7,7,7,7,6,6,6,5,6,7,7,7,7,7,3,2,6,5,6,7,7,7,7,7,3,3,5,2,6,7,7,7,7,7,7,7,5,6,6,7,7,7,7,7,7,5,5,7,4,1,7,1,7,7,1,1,6,1,1,7,7,7,7,7,6,7,2,6,6,7,7,7,7,7,6,6,6,5,6,7,7,7,7,7,7,7,5,6,6
193,TRUE,7,1,1,1,7,4,1,7,7,7,5,5,4,4,7,3,5,4,7,4,4,5,4,5,4,6,4,4,6,4,4,5,6,5,6,6,5,4,6,5,1,6,7,7,1,7,7,1,4,1,2,4,1,1,1,2,3,4,1,4,1,6,4,7,1,7,7,4,1,2,1,5,7,7,1,7,7,3,1,4,1,4,6,5,4,5,4,4,4,4
194,TRUE,7,4,6,2,6,6,5,3,7,6,7,4,5,5,4,4,4,5,7,4,7,4,5,5,5,5,4,4,7,4,6,4,4,4,3,5,5,4,7,7,2,4,7,7,2,4,5,2,2,5,2,4,2,1,4,5,2,4,4,4,3,1,5,7,2,3,4,3,2,4,6,4,5,6,5,3,2,3,7,5,2,4,2,4,4,4,5,4,1,4
195,TRUE,7,6,7,5,1,7,5,1,7,5,7,7,7,6,7,7,5,7,7,6,7,7,7,6,7,7,5,6,7,6,7,5,7,3,1,7,5,2,7,7,6,2,7,5,1,7,2,1,2,3,1,7,1,3,6,7,6,7,1,7,7,5,7,7,1,7,2,1,5,5,7,2,7,5,5,6,1,1,2,5,1,6,6,5,6,6,5,7,2,6
196,TRUE,7,5,7,5,1,5,5,1,5,7,6,3,5,1,6,5,2,1,5,5,6,3,5,1,6,5,1,1,5,5,5,5,5,6,1,3,6,1,5,2,5,5,6,7,1,6,6,1,1,6,7,6,3,1,6,3,5,7,1,3,5,5,6,7,1,5,6,1,1,6,6,2,7,7,7,3,3,1,3,6,1,5,1,1,1,1,3,1,1,4
197,TRUE,7,4,4,2,7,4,4,1,7,4,7,6,4,4,7,2,4,4,4,4,7,4,4,4,7,2,4,1,4,4,4,4,7,5,4,5,6,4,4,4,1,3,7,7,1,5,6,4,2,6,7,6,1,1,4,3,4,6,4,4,2,4,7,7,4,6,5,3,4,5,4,2,6,6,6,5,4,3,4,5,1,5,7,2,4,4,4,6,3,5
198,TRUE,4,6,7,4,1,2,7,1,7,4,5,2,4,6,7,4,4,2,4,6,2,4,4,1,1,2,7,4,4,3,4,4,4,4,1,6,7,3,6,6,3,5,7,5,1,1,7,1,6,3,5,6,1,2,7,7,1,4,1,3,2,5,7,6,1,1,7,1,6,5,6,2,7,7,7,4,4,6,5,3,1,6,1,1,1,1,5,6,7,5
199,TRUE,4,2,2,2,3,4,3,6,4,2,1,2,2,2,1,2,2,2,5,5,5,3,4,2,2,3,2,2,6,3,4,7,7,6,3,5,5,2,5,6,5,6,7,7,4,4,6,3,5,6,6,5,7,6,4,5,3,6,2,6,4,5,7,7,2,5,6,3,5,7,5,4,6,7,5,5,5,3,5,6,1,6,6,1,2,7,6,7,5,7